{
  "classes": [
    "A",
    "B",
    "C",
    "D",
    "E",
    "F",
    "G",
    "H",
    "I",
    "K",
    "L",
    "M",
    "N",
    "O",
    "P",
    "Q",
    "R",
    "S",
    "T",
    "U",
    "V",
    "W",
    "X",
    "Y"
  ],
  "n_features": 50,
  "n_estimators": 200,
  "feature_importances": [
    0.03337583600754186,
    0.02058740989132762,
    0.024767970458775643,
    0.036655464913450744,
    0.026850008282084167,
    0.0,
    9.7229723822182e-05,
    0.006313916406923205,
    0.01467747420483552,
    0.019990757181144153,
    0.023286633461136887,
    0.025788342394532406,
    0.03603338330432386,
    0.02950947070993137,
    0.0408759003350914,
    0.036258190570075545,
    0.025242421241970393,
    0.03788981023083524,
    0.026643300381793415,
    0.009134760179748753,
    0.003881047057764395,
    0.03632300494792945,
    0.03231174381663838,
    0.044950737583531936,
    0.042796553720148456,
    0.029145670670600476,
    0.05137053824804058,
    0.024644505596916128,
    0.0507509056978809,
    0.0222242077513617,
    0.020072593270228208,
    0.03000386973527227,
    0.02698078005934268,
    0.014059438982973958,
    0.02204848455860647,
    0.029600955265157075,
    0.02185060663392981,
    0.02300607652433278,
    0.0,
    0.0,
    0.0,
    0.0,
    0.0,
    0.0,
    0.0,
    0.0,
    0.0,
    0.0,
    0.0,
    0.0
  ]
}